Nom,Prenom,Telephone,Adresse,Ville,Code Postal,Service
Abbott,Aileen,452228378,446-8358 Sapien Ave,Chelsea,2150,Direction
Abbott,Chase ,686096435,261-1594 Elit. Av.,Everett,2149,Direction
Aguirre,Shay,108825824,"Lucian Bradshaw,05 22 01 25 85,Ap #835-514 Sed St.,Nurallao,68735",Everett,2149,Direction
Alexander,Regan ,573661282,779-8201 Dictum St.,Winthrop,2152,Direction
Bright,Donovan ,355638085,Ap #403-309 Ac Road,Chelsea,2150,Service Client
Bryant,Amanda ,198568345,866-449 Ultricies Street,Chelsea,2150,Service Client
Burris,Jarrod ,273356897,"Lucian Bradshaw,05 22 01 25 85,Ap #835-514 Sed St.,Nurallao,68735",Chelsea,2150,Service Client
Barlow,Xena,767740501,726-1831 Torquent Rd.,Everett,2149,Service Client
Bell,Vera,453030014,859-6035 Faucibus Ave,Everett,2149,Service Client
Benjamin,Yoshio ,518130145,828 Dictum Rd.,Everett,2149,Service Client
Bird,Cheryl ,216592474,Ap #420-1593 Luctus Road,Everett,2149,Service Client
Boyer,Coby,235763755,Ap #557-5286 Donec Rd.,Everett,2149,Service Client
Bradshaw,Adele,691889827,Ap #672-3619 Class Street,Everett,2149,Service Client
Cruz,Pascale ,211811127,832-9016 Tincidunt St.,Everett,2149,Service Client
Daniels,Christopher ,676027523,Ap #888-7737 Fringilla Rd.,Everett,2149,Service Client
Dillon,Violet ,582864283,4721 Odio. Ave,Everett,2149,Service Client
Chambers,Chaney ,113210855,"Chaney Nelson,01 13 21 08 55,3311 Sed, Avenue,Abeokuta,408817",Quincy,2122,Service Client
Beard,Flavia ,297102729,6356 Pretium Rd.,Quincy,2122,Service Client
Bell,Daquan ,257694171,4593 Libero. Avenue,Quincy,2122,Service Client
Berg,Aphrodite ,224688544,"Hilary Villarreal,05 66 53 51 41,251-519 Convallis Street,Dingwall,120600",Quincy,2122,Service Client
Booth,Travis,533285256,104-7490 Sed Avenue,Quincy,2122,Service Client
Crane,Fulton,536174252,2507 Est St.,Quincy,2122,Service Client
Dale,Clayton ,408931703,321-1208 Risus. Rd.,Quincy,2122,Service Client
Dotson,Lilah ,403662297,"Hilary Villarreal,05 66 53 51 41,251-519 Convallis Street,Dingwall,120600",Somerville,2129,Service Client
Brennan,Kadeem,865191753,7873 Aliquet St.,Winthrop,2152,Service Client
Bryant,Ignacia ,844487652,790-4932 Congue Rd.,Winthrop,2152,Service Client
Buckley,Maxine,247316788,9916 Diam Street,Winthrop,2152,Service Client
Burke,Prescott,796708638,"Chaney Nelson,01 13 21 08 55,3311 Sed, Avenue,Abeokuta,408817",Winthrop,2152,Service Client
Burks,Louis ,424532130,Ap #582-4759 Eros Av.,Winthrop,2152,Service Client
Butler,Athena ,375554797,"Hilary Villarreal,05 66 53 51 41,251-519 Convallis Street,Dingwall,120600",Winthrop,2152,Service Client
Camacho,Mallory ,899213474,"Lucian Bradshaw,05 22 01 25 85,Ap #835-514 Sed St.,Nurallao,68735",Winthrop,2152,Service Client
Cantrell,Carl ,624543849,Ap #222-4479 Porttitor Street,Winthrop,2152,Service Client
Carver,Aimee,815842138,Ap #157-6330 Cursus Road,Winthrop,2152,Service Client
Conway,Dennis ,518837870,Ap #422-3800 Diam Av.,Winthrop,2152,Service Client
Copeland,Beau ,546385891,Ap #916-8639 Risus. Street,Winthrop,2152,Service Client
Cote,Abel ,524167776,Ap #437-8532 Arcu St.,Winthrop,2152,Service Client
Craig,Blossom ,359384934,9800 Lacinia Street,Winthrop,2152,Service Client
Foster,Chaney ,722128117,Ap #973-5073 Eu Ave,Brookline,2445,Service Commercial
Duke,James ,862830078,755-4506 Bibendum Rd.,Malden,2148,Service Commercial
Ellison,Kellie ,914345702,"Lucian Bradshaw,05 22 01 25 85,Ap #835-514 Sed St.,Nurallao,68735",Malden,2148,Service Commercial
Fitzgerald,Grant ,867655292,1573 Egestas Street,Malden,2148,Service Commercial
Ellison,Marah ,157646987,Ap #141-6559 Donec St.,Somerville,2129,Service Commercial
Fitzgerald,Reece,548351756,Ap #931-7708 Tincidunt. Avenue,Somerville,2129,Service Commercial
Ford,Noah,778386207,"Lucian Bradshaw,05 22 01 25 85,Ap #835-514 Sed St.,Nurallao,68735",Somerville,2129,Service Commercial
Garrison,Angela,513897747,"Chaney Nelson,01 13 21 08 55,3311 Sed, Avenue,Abeokuta,408817",Brookline,2445,Service Comptable
Golden,Finn ,344086074,447-8476 Tempor Road,Brookline,2445,Service Comptable
Gonzales,Willow ,487581527,"Chaney Nelson,01 13 21 08 55,3311 Sed, Avenue,Abeokuta,408817",Malden,2148,Service Comptable
Gay,Abbot ,945101381,Ap #457-5485 Pharetra. Av.,Somerville,2129,Service Comptable
Gill,Arden,225657582,"Chaney Nelson,01 13 21 08 55,3311 Sed, Avenue,Abeokuta,408817",Somerville,2129,Service Comptable
Gould,Zeph,950891352,806-1373 Libero. St.,Brookline,2445,Service IT
Greene,Reed ,208841674,"Hilary Villarreal,05 66 53 51 41,251-519 Convallis Street,Dingwall,120600",Malden,2148,Service IT
Guerra,Tucker ,664573231,3468 Egestas Street,Malden,2148,Service IT
Hale,Kelly ,545641412,895-3509 Ipsum St.,Malden,2148,Service IT
Haley,Keiko ,201209252,876-504 Sagittis Av.,Malden,2148,Service IT
Gould,Cassandra ,893470975,913-1494 Nec Rd.,Somerville,2129,Service IT
Kent,Conan ,823857766,232-9973 Ac Avenue,Cambridge,2114,Service Logistique
Hurley,Leah,796561366,Ap #736-2262 Quis Rd.,Chelsea,2150,Service Logistique
Hutchinson,Hashim ,737680142,696-9204 Ut Road,Chelsea,2150,Service Logistique
Keller,Orson ,871341445,3592 Magna. Ave,Chelsea,2150,Service Logistique
Knapp,Xantha ,282765621,397-944 Fusce Rd.,Chelsea,2150,Service Logistique
Lancaster,Hamish ,814826738,Ap #637-8182 Luctus Av.,Everett,2149,Service Logistique
Langley,Kareem ,555698876,"Hilary Villarreal,05 66 53 51 41,251-519 Convallis Street,Dingwall,120600",Everett,2149,Service Logistique
Larson,Flynn,481255714,273-5969 Ipsum. Rd.,Everett,2149,Service Logistique
Harrington,Hedda,462148103,362 Curae Av.,Malden,2148,Service Logistique
Hatfield,Hedwig ,137712458,Ap #834-2999 Dignissim. Av.,Malden,2148,Service Logistique
Hendrix,Rigel,885458677,Ap #298-9313 Duis Road,Malden,2148,Service Logistique
Hickman,Hedda ,583341153,Ap #539-7183 Aliquam St.,Malden,2148,Service Logistique
Hinton,Myra ,507527818,"Lucian Bradshaw,05 22 01 25 85,Ap #835-514 Sed St.,Nurallao,68735",Malden,2148,Service Logistique
Horton,Kameko ,525605767,"Hilary Villarreal,05 66 53 51 41,251-519 Convallis Street,Dingwall,120600",Malden,2148,Service Logistique
Hyde,Galena,873714427,"Lucian Bradshaw,05 22 01 25 85,Ap #835-514 Sed St.,Nurallao,68735",Medford,2145,Service Logistique
Juarez,Warren ,218486762,Ap #545-7803 Mi Rd.,Medford,2145,Service Logistique
Lancaster,Wylie,964267667,"Lucian Bradshaw,05 22 01 25 85,Ap #835-514 Sed St.,Nurallao,68735",Medford,2145,Service Logistique
Lawrence,Ciara ,588356468,"Chaney Nelson,01 13 21 08 55,3311 Sed, Avenue,Abeokuta,408817",Boston,2101,Service Marketing
Luna,Judith ,850124642,244-5671 Sit Rd.,Boston,2101,Service Marketing
Marshall,Petra,582654018,Ap #137-5412 Aliquam Street,Brookline,2445,Service Marketing
Malone,Evan,225156445,2110 Pellentesque Rd.,Chelsea,2150,Service Marketing
Marquez,Chancellor ,548217044,411-8297 Ac St.,Chelsea,2150,Service Marketing
Mccullough,Heather,285855621,Ap #355-2970 Ultrices St.,Boston,2101,Service Production
Miranda,Tyrone ,767456577,"Hilary Villarreal,05 66 53 51 41,251-519 Convallis Street,Dingwall,120600",Boston,2101,Service Production
Moreno,Alexandra,903679813,Ap #265-4057 Massa. Rd.,Boston,2101,Service Production
Ortiz,Kaseem ,271146127,857-8948 Volutpat. St.,Boston,2101,Service Production
Russell,Yuli,646312368,6752 Eu Avenue,Boston,2101,Service Production
Salas,Hunter ,569516862,4320 Dui. Avenue,Boston,2101,Service Production
Savage,Flynn ,451174851,Ap #255-7919 Natoque Street,Boston,2101,Service Production
Sparks,Medge,749572775,"Chaney Nelson,01 13 21 08 55,3311 Sed, Avenue,Abeokuta,408817",Boston,2101,Service Production
Marshall,Nigel,583711546,"Lucian Bradshaw,05 22 01 25 85,Ap #835-514 Sed St.,Nurallao,68735",Brookline,2445,Service Production
Mason,Courtney ,800674874,Ap #316-6445 Sodales Road,Brookline,2445,Service Production
Mcintosh,Bernard,723332267,Ap #851-1312 Nam Ave,Brookline,2445,Service Production
Mckinney,Devin ,381697624,"Chaney Nelson,01 13 21 08 55,3311 Sed, Avenue,Abeokuta,408817",Brookline,2445,Service Production
Mendez,Brennan ,432902126,717-4649 Mauris Rd.,Brookline,2445,Service Production
Morales,Ignacia ,660774879,Ap #625-2972 Ligula Ave,Brookline,2445,Service Production
Morgan,Aileen,788856143,Ap #292-5581 Nullam Rd.,Brookline,2445,Service Production
Morin,Wade,857815627,133-4874 Non St.,Brookline,2445,Service Production
Morris,Emerald ,585770002,955-7697 Suspendisse Avenue,Brookline,2445,Service Production
Mueller,Justin,532246249,Ap #211-6360 Pellentesque Avenue,Brookline,2445,Service Production
Mullins,Christopher ,219187281,4453 Semper St.,Brookline,2445,Service Production
Neal,Brenda ,680998224,992-805 Nullam Rd.,Brookline,2445,Service Production
Neal,Fallon ,644322754,"Hilary Villarreal,05 66 53 51 41,251-519 Convallis Street,Dingwall,120600",Brookline,2445,Service Production
Nelson,Noelle ,596664632,"Lucian Bradshaw,05 22 01 25 85,Ap #835-514 Sed St.,Nurallao,68735",Brookline,2445,Service Production
Potter,Emma ,294503311,552-771 Fermentum Avenue,Brookline,2445,Service Production
Roberson,Blossom ,517043636,Ap #984-8730 Lectus. Road,Brookline,2445,Service Production
Simon,Genevieve ,382366733,Ap #773-4450 Aliquam Rd.,Brookline,2445,Service Production
Skinner,Rebekah ,302371753,"Hilary Villarreal,05 66 53 51 41,251-519 Convallis Street,Dingwall,120600",Brookline,2445,Service Production
Stevens,Kylee,374840542,1416 Ac Street,Brookline,2445,Service Production
Tanner,Gloria ,575335562,Ap #992-7761 Sem Ave,Brookline,2445,Service Production
Thomas,Burton ,938757356,"Hilary Villarreal,05 66 53 51 41,251-519 Convallis Street,Dingwall,120600",Brookline,2445,Service Production
Tucker,Julian,910485175,Ap #611-336 Consectetuer Road,Brookline,2445,Service Production
Nieves,Prescott ,346847329,Ap #108-3350 Porta Street,Cambridge,2114,Service Production
Norman,Aiko ,308602603,Ap #368-1953 Odio Road,Cambridge,2114,Service Production
Raymond,Byron ,645457881,Ap #713-4148 Orci Ave,Cambridge,2114,Service Production
Robbins,Ulric ,258178547,"Hilary Villarreal,05 66 53 51 41,251-519 Convallis Street,Dingwall,120600",Cambridge,2114,Service Production
Velazquez,Burke,376286672,110-1666 Nunc Avenue,Cambridge,2114,Service Production
Wall,Sheila,457329223,4479 Enim. Ave,Cambridge,2114,Service Production
Washington,Hillary ,346623798,Ap #797-1811 Feugiat Rd.,Cambridge,2114,Service Production
Parks,Margaret ,573466322,Ap #618-7736 Nisl. St.,Chelsea,2150,Service Production
Perez,Fuller,843745587,Ap #253-8763 Arcu. Rd.,Chelsea,2150,Service Production
Rowe,Odysseus ,439446535,"Lucian Bradshaw,05 22 01 25 85,Ap #835-514 Sed St.,Nurallao,68735",Chelsea,2150,Service Production
Saunders,Valentine ,938211225,Ap #378-6139 Cursus Avenue,Chelsea,2150,Service Production
Vaughn,Erasmus ,984766760,934-7559 Sed Rd.,Everett,3927,Service Production
Vaughn,Ivory ,415341719,"Lucian Bradshaw,05 22 01 25 85,Ap #835-514 Sed St.,Nurallao,68735",Everett,2149,Service Production
Mcpherson,Carolyn ,736036948,"Chaney Nelson,01 13 21 08 55,3311 Sed, Avenue,Abeokuta,408817",Everett,2149,Service Production
May,Ronan ,642441667,3192 Dignissim Rd.,Malden,2148,Service Production
Mayer,Xantha ,901813849,302-4326 Vulputate Ave,Malden,2148,Service Production
Mccarthy,Bruce ,362042151,"Hilary Villarreal,05 66 53 51 41,251-519 Convallis Street,Dingwall,120600",Malden,2148,Service Production
Mccarty,Upton,612584476,422-6124 Volutpat. St.,Malden,2148,Service Production
Owens,Ralph,717287742,"Chaney Nelson,01 13 21 08 55,3311 Sed, Avenue,Abeokuta,408817",Malden,2148,Service Production
Patrick,Baker,301553567,268-142 Quisque Avenue,Malden,2148,Service Production
Morrison,Roanna,507859333,Ap #203-9718 Mauris Road,Medford,2145,Service Production
Moses,Jescie,845411533,395-7327 Cursus Ave,Medford,2145,Service Production
Mueller,Blossom ,300507272,743-6759 Mollis. Rd.,Medford,2145,Service Production
Nichols,Leilani,146932638,"Lucian Bradshaw,05 22 01 25 85,Ap #835-514 Sed St.,Nurallao,68735",Medford,2145,Service Production
Osborn,Marvin ,878470977,Ap #943-7708 Tempus Av.,Medford,2145,Service Production
Pierce,Caesar ,221365743,"Lucian Bradshaw,05 22 01 25 85,Ap #835-514 Sed St.,Nurallao,68735",Medford,2145,Service Production
Price,Nyssa ,182239983,Ap #258-8014 Lectus. Avenue,Medford,2145,Service Production
Tucker,Fitzgerald,826352700,1881 Fermentum Street,Medford,2145,Service Production
Turner,Ann ,886775953,829-5810 Auctor St.,Medford,2145,Service Production
Villarreal,Haley ,670414162,521-6563 Gravida Road,Medford,2145,Service Production
Vinson,Martena,774916685,"Lucian Bradshaw,05 22 01 25 85,Ap #835-514 Sed St.,Nurallao,68735",Medford,2145,Service Production
Reed,Paloma ,354848675,Ap #942-1219 Dis Road,Somerville,2129,Service Production
Roberson,Rachel ,665783364,479-5500 Erat St.,Somerville,2129,Service Production
Rodgers,Celeste ,252832527,Ap #463-2756 Sem Ave,Somerville,2129,Service Production
Valentine,Jaden ,537874453,"Chaney Nelson,01 13 21 08 55,3311 Sed, Avenue,Abeokuta,408817",Cambridge,2114,Service Qualite
Valdez,Merrill ,580437606,"Chaney Nelson,01 13 21 08 55,3311 Sed, Avenue,Abeokuta,408817",Malden,2148,Service Qualite
Valencia,Hilary,566535141,251-519 Convallis Street,Malden,2148,Service Qualite
Tyson,Liberty ,546768381,360-4394 Nunc Av.,Medford,2145,Service Qualite
York,Kermit ,468875497,2177 Ipsum Road,Cambridge,2114,Service Ressources Humaines
Whitaker,August ,256509314,138-9904 Sollicitudin St.,Chelsea,2150,Service Ressources Humaines
Whitaker,Gregory,410842120,102-5315 Molestie Road,Chelsea,2150,Service Ressources Humaines
Wiley,Lila,825744744,Ap #768-8032 Mauris St.,Chelsea,2150,Service Ressources Humaines
Wilkinson,Lucian ,522012585,Ap #835-514 Sed St.,Chelsea,2150,Service Ressources Humaines